id;approach;packaging;date_validity;export_port;country_of_origin;gross_weight;net_weight;terms
1;yellow Response;online bluetooth Dollar;Investor deposit black;productize;Multi-layered SSL;Checking SCSI;55946;Borders Reverse-engineered programming
2;empower;Mexican PNG;Identity;Interface Washington;morph Towels Granite;index;27891;Indian
3;e-commerce;compress e-tailers Soap;plug-and-play;Rustic Path;generate;Avon;71302;Program strategic
4;Towels withdrawal maroon;Frozen Account Cotton;back-end online cross-platform;Movies;Omani;invoice;50540;6th USB interactive
5;microchip XSS;Neck contextually-based Shirt;Ball;orchestrate synergies;budgetary Account;USB Samoa;99916;Tennessee Computer
6;Loan Central;Representative Gorgeous bypass;supply-chains Regional Maryland;engineer Kansas Guinea;Rwanda interfaces Operative;withdrawal;8249;Kina mission-critical synthesize
7;Swiss;Health GB;COM;Account Soap;mint Devolved disintermediate;Anguilla Rubber azure;94491;Representative
8;Vision-oriented Cotton;Games Dynamic;Cedi;Chicken;Brooks;Generic Engineer;11774;interfaces
9;Rhode back black;hybrid;Avon portal Hollow;primary;RAM regional attitude-oriented;Senior;46926;overriding foreground Ukraine
10;user-facing withdrawal PCI;withdrawal;frictionless functionalities Chair;web-enabled;Table time-frame;installation services;30914;Mouse
