id;branch_id;country;governate;region_city;street;building_number;postal_code;floor;room;landmark;additional_information
1;attitude Account;Austria;Team-oriented Representative;Officer Soap scale;Predovic View;open-source Granite;Dollar object-oriented backing;users;Unbranded;adapter;Missouri parsing Rubber
2;Planner;Republic of Korea;Inverse Home Frozen;Unbranded;Gibson Ville;Arab Beauty Fish;Frozen;Bedfordshire blockchains;Berkshire Glens;Lead Avon payment;Home
3;Rue Baht;Bahamas;sensor Granite neural;invoice invoice workforce;Milo Shoals;Licensed;application Japan Colorado;Shirt virtual;global;harness Strategist;Sausages
4;Maryland;Hong Kong;benchmark;Kids Card Bedfordshire;Feil Parks;Dollar;database global;deposit out-of-the-box;virtual;Lao virtual eco-centric;synthesizing bleeding-edge
5;Dynamic;Antigua and Barbuda;Account Timor-Leste;programming;Forest Branch;supply-chains Visionary Platinum;Ergonomic;Kentucky;mobile;Rustic matrices;Avon Fish to
6;engage invoice THX;Antarctica (the territory South of 60 deg S);niches;users Plastic optical;Elda Walk;Kansas;Account Money Solutions;Wooden Montana;target Ergonomic;Incredible;matrix olive Down-sized
7;Generic;Mali;Communications;uniform Refined;Ike Manors;Licensed content;initiatives;action-items Licensed Belarus;Assistant service-desk compress;Regional Florida;haptic capacitor
8;Engineer drive;Puerto Rico;Greens Malta enhance;Tuna product Down-sized;Romaguera River;Oregon;fuchsia 24/7 Netherlands;Lead;payment portals;Massachusetts;Paradigm SQL
9;protocol magenta Somali;Chile;Bike Reactive Fresh;engine;Winston Trafficway;metrics synthesize;& matrix;bluetooth world-class payment;Maldives;Chicken;Future didactic
10;mission-critical Optimization;Christmas Island;Minnesota Associate bluetooth;Solutions Inlet;Andre Spring;primary Toys;e-enable;orchid open-source Nepal;Paradigm Summit;Frozen;Station haptic
